{"offset_x": 0.09657726314744984, "offset_y": 0.039558453970435926, "offset_z": 0.16347209261348747, "cMat_00": 0.9905845933439675, "cMat_01": 0.0, "cMat_02": 0.0, "cMat_10": 0.0, "cMat_11": 0.9856289282704462, "cMat_12": 0.0, "cMat_20": 0.0, "cMat_21": 0.0, "cMat_22": 0.9957368742753633}