{"offset_x": 0.11501333983931762, "offset_y": 0.03247916624374638, "offset_z": 0.2022906715329573, "cMat_00": 0.9915004902067988, "cMat_01": 0.0, "cMat_02": 0.0, "cMat_10": 0.0, "cMat_11": 0.9881374253190294, "cMat_12": 0.0, "cMat_20": 0.0, "cMat_21": 0.0, "cMat_22": 0.9995131763720474}