{"offset_x": -0.013355785700059969, "offset_y": -0.010484230432184367, "offset_z": 0.03801639115714058, "cMat_00": 1.0137660694978843, "cMat_01": 0.0, "cMat_02": 0.0, "cMat_10": 0.0, "cMat_11": 0.9883884454650188, "cMat_12": 0.0, "cMat_20": 0.0, "cMat_21": 0.0, "cMat_22": 0.9990423905334412}