{"offset_x": 222.98705067386587, "offset_y": 48.61043433314853, "offset_z": -35.08844587132941, "cMat_00": 0.7675966489373585, "cMat_01": 0.0, "cMat_02": 0.0, "cMat_10": 0.0, "cMat_11": 0.9242136279110431, "cMat_12": 0.0, "cMat_20": 0.0, "cMat_21": 0.0, "cMat_22": 0.8797230432499209}