{"offset_x":222.80260484485373, "offset_y":48.49204702215867, "offset_z": -35.280443233974495, "cMat_00": -0.6784713096533069, "cMat_01": 0.0, "cMat_02": 0.0, "cMat_10": 0.0, "cMat_11": -0.8277633562480422, "cMat_12": 0.0, "cMat_20": 0.0, "cMat_21": 0.0, "cMat_22": 0.8114540006230617}